Кулинария,Коллекционирование
Бадминтон,Пение и караоке
Собирание грибов и ягод
Головоломки,Вязание
Серфинг,Рисование
Кайтинг
Батик,Игрушки и куклы
Бег
Страйкбол,Гербарий
Стрельба,Театр
Скейтборд
Квест-комнаты,Пилатес
Файер-шоу,Пикап
Икебана,Танцы и балет
Сноуборд,Аэробика
Татуировки и пирсинг
Ароматерапия,Страйкбол
Лепка,Дартс
Настольные игры,Массаж
Косплей,Аэрография
Пилатес,Парашютный спорт
Жонглирование,Программирование
Дартс,Рукоделия из кожи
Животные,Карвинг
Велосипед,Футбол
Декупаж
Программирование,Плавание
Бонсай,Психология и тренинги
Лыжи,Боулинг
Астрономия,Бег
Гольф
Каллиграфия,Лепка
Боулинг,Паззлы
Мыловарение
Пейнтбол,Велосипед
Аэрография,Радиовещание
Шитье,Клубный отдых
Психология и тренинги,Рыбалка
Автомобили,выжигание
Бодиарт,Астрономия
Петанк,Шитье и вышивание
Граффити
Силовые,Икебана
Йога,Файер-шоу
Аэробика

