Фронт,Черняхов,Васильевна
Цион,Чертков,Маркович
Шурик,Чех,Петрович
Аделя,Чугуевский,Юрьевич
Анита,Чуднов,Юлиановна
Гульнур,Чулков,Давидович
Джамиля,Чупина,Трофимович
Евдокия,Чертков,Григорьевна
Назерке,Чех,Ефимович
Назира,Чугуевский,Никифорович
Олда,Чуднов,Семеновна
Раушан,Чулков,Максимоич
Баян,Чупина,Леонтьевич
Вентура,Чуракова,Леонидович
Жадыра,Шалаев,Константиновна
Крис,Шалимова,Петрович
Меридиан,Шаронова,Савванович
Нан,Шатохин,Яковеевичевич
Наташенька,Шатрова,Никифорович
Наша,Шацкая,Фадеевич
Принцесса,Шаяхметов,Юлианович
Бекзат,Шевчик,Петрович
Мартан,Шеин,Филиппович
Ришат,Шелудько,Тимофеевич
Савелий,Шеметова,Валентинович
Санжар,Шерстнева,Григорьевич
Тигран,Шерстюк,Дмитриевич
Бахтиёр,Шершнева,Нифонтович
Божко,Шестак,Кириллович
Брат,Шеховцова,Лаврентиич
Валдай,Шибанова,Нифонтович
Волос,Шимко,Григорьевич
Кади,Широких,Семенович
Кола,Шихова,Витальевич
Матео,Шор,Феоктистович
Пау,Шорохова,Тимофеевич
Раздан,Шрамко,Юлианович
Тау,Шумаков,Нифонтович
Уоррен,Шумский,Григорьевич
Айка,Щеголев,Венедиктович
Айсулу,Щигровский,Семенович
Зиле,Южакова,Юлианович
Зоряна,Юркина,Венедиктович
Ильмира,Юшков,Вячеславович
Искра,Яблоновский,Никифорович
Карлыгаш,Якубовская,Семенович
Линн,Ямский,Ростиславович
Лолита,Янковский,Феодосивич
Ляйсан,Янский,Нифонтович
Резеда,Яруллина,Вячеславович
Рина,Ярыгина,Вячеславович
Сантана,Абаев,Тимофеевич
